Place,Time Range,Days,Avg Daily Cost,Budget Range,Air Cost,Popularity
Rome,JUL-SEP,30,24555.47,810330.51,42877.76,6.3
Agra,OCT-DEC,22,17629.38,426631.0,12178.73,9.6
Tokyo,JAN-MAR,26,39269.81,1123116.57,10872.25,8.7
Dubai,JUL-SEP,10,15365.79,169023.69,119421.26,4.1
Sydney,JUL-SEP,15,38930.73,642357.05,59211.51,2.5
Sydney,JAN-MAR,20,24649.96,542299.12,53156.4,9.0
Istanbul,APR-JUN,22,39049.56,944999.35,119888.99,2.0
Chennai,APR-JUN,21,5569.22,128648.98,32980.29,5.4
London,JUL-SEP,21,24566.54,567487.07,16003.29,3.7
New York,OCT-DEC,11,12270.54,148473.53,39284.64,7.0
Pune,OCT-DEC,16,37882.2,666726.72,65087.07,3.0
Kolkata,APR-JUN,14,35988.53,554223.36,23193.24,7.7
Singapore,OCT-DEC,23,23473.2,593871.96,45385.82,7.4
New York,JUL-SEP,12,34159.14,450900.65,49078.57,4.6
Pune,APR-JUN,18,29640.47,586881.31,42415.73,9.4
Kolkata,APR-JUN,23,32524.34,822865.8,100579.04,9.8
Istanbul,JAN-MAR,21,12404.18,286536.56,29952.37,4.8
Kolkata,OCT-DEC,23,21305.67,539033.45,68703.43,1.1
Manali,JAN-MAR,7,17252.45,132843.87,57549.74,1.6
Tokyo,JUL-SEP,6,17923.4,118294.44,74367.83,5.7
Pune,APR-JUN,12,29343.73,387337.24,46826.71,2.5
Agra,JUL-SEP,21,4659.16,107626.6,31709.34,2.3
London,JUL-SEP,3,26023.22,85876.63,114688.9,3.8
Manali,APR-JUN,14,27603.68,425096.67,54269.31,3.9
Dubai,JAN-MAR,4,32517.23,143075.81,86111.85,7.0
Chennai,JUL-SEP,24,10031.5,264831.6,71290.21,5.1
New York,OCT-DEC,19,11469.98,239722.58,39299.28,6.7
Istanbul,JAN-MAR,19,10298.34,215235.31,107773.15,7.2
New York,OCT-DEC,25,24386.21,670620.78,107774.94,9.8
Istanbul,APR-JUN,6,23092.84,152412.74,53040.47,1.9
Chennai,JUL-SEP,24,34786.41,918361.22,17699.1,5.8
Pune,JUL-SEP,20,4455.43,98019.46,73555.62,8.4
Shimla,APR-JUN,15,24305.75,401044.88,83615.02,8.0
Singapore,OCT-DEC,3,25498.28,84144.32,101396.37,8.5
Istanbul,JAN-MAR,23,29054.22,735071.77,89506.41,7.6
Pune,APR-JUN,7,23533.07,181204.64,35841.76,5.7
Delhi,JUL-SEP,26,13962.91,399339.23,41086.29,6.3
Mumbai,JUL-SEP,13,27560.85,394120.16,87307.83,5.6
Hyderabad,OCT-DEC,15,31349.44,517265.76,93352.02,8.6
Mumbai,JUL-SEP,29,11548.31,368391.09,16886.45,8.3
Shimla,JAN-MAR,22,21982.29,531971.42,47071.84,3.3
Dubai,OCT-DEC,10,12130.99,133440.89,25268.86,6.3
Chennai,APR-JUN,20,24968.14,549299.08,17599.97,8.3
Hyderabad,JUL-SEP,4,11563.37,50878.83,56931.84,8.7
Istanbul,APR-JUN,29,20673.47,659483.69,122935.68,6.1
Bangkok,OCT-DEC,14,13002.95,200245.43,122641.43,2.0
Sydney,JUL-SEP,21,38762.31,895409.36,59434.96,9.6
Istanbul,JAN-MAR,5,33032.68,181679.74,30721.77,1.8
Rome,JUL-SEP,12,11964.81,157935.49,86508.83,5.3
Delhi,APR-JUN,4,4184.28,18410.83,69186.88,4.4
Agra,JUL-SEP,3,16696.79,55099.41,21893.07,2.9
Rome,JUL-SEP,24,27851.91,735290.42,101761.24,8.1
Singapore,JUL-SEP,9,15156.54,150049.75,34405.67,8.0
Paris,OCT-DEC,26,17665.71,505239.31,70578.2,6.4
Jaipur,JUL-SEP,21,19415.79,448504.75,111400.92,8.6
Rome,JAN-MAR,23,27862.06,704910.12,114250.33,8.5
Kolkata,OCT-DEC,16,5014.31,88251.86,72880.24,2.2
Bangkok,OCT-DEC,22,16399.66,396871.77,107457.37,9.1
Paris,JAN-MAR,8,19817.08,174390.3,120033.81,1.7
Delhi,OCT-DEC,30,22979.27,758315.91,58079.76,1.3
Rome,JUL-SEP,25,18173.09,499759.98,46604.1,9.4
Delhi,APR-JUN,25,10526.66,289483.15,19355.23,8.9
Singapore,APR-JUN,24,10248.59,270562.78,108853.33,3.7
London,JAN-MAR,25,38495.96,1058638.9,56976.11,1.0
Bangkok,JUL-SEP,9,8874.86,87861.11,112571.29,5.3
Kolkata,OCT-DEC,14,7700.35,118585.39,85610.34,7.6
Singapore,APR-JUN,24,29624.73,782092.87,124077.42,6.1
Shimla,OCT-DEC,13,11650.3,166599.29,8683.29,4.9
Hyderabad,OCT-DEC,5,28172.67,154949.68,50842.71,2.1
Istanbul,JAN-MAR,16,37208.83,654875.41,109313.57,8.9
Pune,OCT-DEC,7,37247.81,286808.14,80571.47,3.2
Pune,JAN-MAR,9,4975.03,49252.8,22954.78,6.7
Chennai,JUL-SEP,3,7920.82,26138.71,14402.65,6.5
Dubai,JAN-MAR,12,30197.09,398601.59,52657.93,7.2
Delhi,JAN-MAR,8,33711.47,296660.94,74612.08,5.2
Delhi,OCT-DEC,11,8382.76,101431.4,61432.27,5.4
Bangalore,JAN-MAR,6,23749.25,156745.05,122982.9,4.1
Delhi,OCT-DEC,19,17575.79,367334.01,23571.94,2.6
Istanbul,JAN-MAR,24,19630.97,518257.61,103604.02,4.4
Hyderabad,JUL-SEP,23,27831.48,704136.44,13312.96,7.5
Hyderabad,JUL-SEP,28,32539.48,1002215.98,32210.3,1.6
Istanbul,JAN-MAR,16,12830.8,225822.08,27620.88,7.3
Goa,APR-JUN,19,33021.76,690154.78,92500.43,2.2
Sydney,JUL-SEP,3,7141.66,23567.48,108041.98,8.8
Shimla,OCT-DEC,16,13634.02,239958.75,12271.8,2.3
Delhi,JAN-MAR,27,17146.02,509236.79,118254.56,7.7
Mumbai,APR-JUN,30,35255.84,1163442.72,42707.44,3.6
Bangkok,OCT-DEC,26,35562.87,1017098.08,74291.27,4.2
Singapore,JUL-SEP,7,7209.63,55514.15,69941.11,8.7
Kerala,APR-JUN,23,11856.53,299970.21,107058.01,5.7
Rome,APR-JUN,5,19243.0,105836.5,16289.14,2.5
Agra,JAN-MAR,27,40635.1,1206862.47,15032.23,1.1
London,JAN-MAR,30,10290.34,339581.22,75348.72,9.8
Sydney,OCT-DEC,10,16935.16,186286.76,76764.91,6.4
Chennai,JUL-SEP,26,8014.13,229204.12,38109.38,9.2
London,JUL-SEP,24,41073.44,1084338.82,39216.6,2.1
Paris,OCT-DEC,19,6803.8,142199.42,47841.65,8.4
Chennai,OCT-DEC,28,40771.08,1255749.26,77954.42,4.0
Goa,JUL-SEP,10,4400.27,48402.97,72576.76,7.1
Singapore,APR-JUN,19,5353.4,111886.06,8916.2,1.5
Manali,JUL-SEP,12,39185.48,517248.34,45538.35,6.6
Agra,JUL-SEP,19,26818.63,560509.37,57882.15,4.4
Kolkata,APR-JUN,21,34292.3,792152.13,11005.31,7.0
New York,JAN-MAR,16,21859.83,384733.01,22277.24,2.3
London,OCT-DEC,3,13564.96,44764.37,107490.17,7.8
Hyderabad,JUL-SEP,26,29414.75,841261.85,17838.78,4.1
London,JAN-MAR,18,8836.66,174965.87,63945.92,8.5
New York,OCT-DEC,16,9087.49,159939.82,33786.17,7.2
Paris,JAN-MAR,8,21155.68,186169.98,95319.7,9.8
Kerala,OCT-DEC,26,24489.45,700398.27,29794.73,2.3
Kolkata,APR-JUN,8,8445.85,74323.48,46009.15,4.8
Paris,OCT-DEC,9,19723.97,195267.3,62735.99,1.3
Manali,JUL-SEP,15,4218.73,69609.04,26438.31,3.7
Bangalore,JAN-MAR,24,14713.61,388439.3,56131.53,8.8
Tokyo,APR-JUN,20,34519.12,759420.64,104122.16,6.6
Mumbai,APR-JUN,11,26985.89,326529.27,52742.52,2.8
Manali,APR-JUN,15,10381.11,171288.32,16301.33,4.8
Dubai,JUL-SEP,14,19247.6,296413.04,108544.71,7.2
Kolkata,OCT-DEC,19,23980.1,501184.09,63988.36,4.0
Shimla,APR-JUN,25,12612.77,346851.18,77846.32,2.8
Shimla,JUL-SEP,3,5089.08,16793.96,29962.49,8.5
Bangalore,JAN-MAR,5,36827.67,202552.18,101269.21,2.0
Kolkata,JUL-SEP,13,37405.65,534900.8,69561.75,3.8
Hyderabad,JAN-MAR,28,29763.87,916727.2,103193.68,2.3
Paris,JAN-MAR,22,31461.07,761357.89,83095.61,1.1
Rome,OCT-DEC,25,11757.14,323321.35,114296.95,8.9
Istanbul,OCT-DEC,24,9583.4,253001.76,52234.2,5.2
Kolkata,APR-JUN,5,36890.93,202900.12,42664.4,2.5
Bangkok,APR-JUN,3,36086.0,119083.8,93202.64,8.6
Mumbai,JUL-SEP,14,25786.1,397105.94,75234.65,1.8
Jaipur,JUL-SEP,9,37595.97,372200.1,37338.62,2.6
Goa,JAN-MAR,7,34756.83,267627.59,121433.23,2.4
Pune,APR-JUN,24,22210.84,586366.18,121933.56,3.7
Sydney,JAN-MAR,29,33847.23,1079726.64,78822.39,8.4
Jaipur,APR-JUN,17,31651.25,591878.38,23996.22,8.9
Jaipur,JUL-SEP,23,5080.03,128524.76,82757.75,2.8
Goa,JAN-MAR,26,20209.71,577997.71,81569.25,2.0
Singapore,JUL-SEP,19,10818.11,226098.5,93680.89,6.5
Delhi,APR-JUN,29,11552.01,368509.12,76050.77,2.7
Manali,JUL-SEP,26,32904.68,941073.85,114831.2,6.3
Mumbai,OCT-DEC,4,16453.06,72393.46,21872.54,4.9
Pune,OCT-DEC,24,15058.6,397547.04,95880.45,2.5
Agra,JUL-SEP,8,37269.91,327975.21,101315.04,5.4
Mumbai,OCT-DEC,6,23411.82,154518.01,111016.41,4.6
Shimla,APR-JUN,11,5675.2,68669.92,24487.9,9.8
Kolkata,OCT-DEC,18,22697.14,449403.37,34476.68,7.7
New York,JUL-SEP,23,17167.85,434346.61,31265.23,2.0
Pune,APR-JUN,24,25152.9,664036.56,101156.78,8.8
Shimla,APR-JUN,27,7349.92,218292.62,93378.03,1.8
Istanbul,APR-JUN,30,34775.0,1147575.0,43548.78,2.9
Jaipur,JAN-MAR,12,24049.9,317458.68,39150.86,4.6
Singapore,OCT-DEC,16,8725.7,153572.32,41666.33,6.6
Hyderabad,APR-JUN,7,6409.33,49351.84,53659.0,2.2
Tokyo,APR-JUN,25,39223.05,1078633.88,68536.86,9.8
Sydney,JUL-SEP,12,10720.06,141504.79,12986.95,9.5
Pune,JUL-SEP,3,25760.21,85008.69,109714.09,1.9
Hyderabad,JUL-SEP,20,31794.04,699468.88,16949.66,6.6
Sydney,OCT-DEC,6,35661.51,235365.97,60152.85,3.2
Kolkata,OCT-DEC,22,27959.64,676623.29,63677.92,4.0
Paris,JUL-SEP,15,38460.22,634593.63,53438.71,9.1
Delhi,JUL-SEP,12,39816.78,525581.5,120036.6,5.2
New York,OCT-DEC,3,37369.5,123319.35,97793.37,4.0
Sydney,APR-JUN,29,28064.92,895270.95,110295.4,7.6
Jaipur,JUL-SEP,19,13704.97,286433.87,72079.04,9.9
New York,JAN-MAR,15,12360.6,203949.9,34555.83,4.5
Paris,APR-JUN,12,9053.62,119507.78,77242.37,2.9
Agra,JUL-SEP,22,31367.39,759090.84,120978.84,5.6
Dubai,APR-JUN,24,39638.2,1046448.48,64210.55,7.9
Shimla,JAN-MAR,28,40180.55,1237560.94,82567.85,5.5
Hyderabad,OCT-DEC,27,40701.75,1208841.98,42144.67,3.7
Manali,OCT-DEC,14,23983.87,369351.6,98402.68,7.2
Sydney,JAN-MAR,17,18652.35,348798.94,21745.99,5.9
Pune,JUL-SEP,8,37106.82,326540.02,16265.18,8.5
Tokyo,APR-JUN,30,31598.65,1042755.45,59482.8,5.4
New York,JAN-MAR,27,13064.4,388012.68,83317.26,8.0
Dubai,APR-JUN,23,35101.44,888066.43,33716.58,5.9
Goa,JUL-SEP,10,32261.73,354879.03,114674.27,7.0
Chennai,JUL-SEP,15,16340.49,269618.09,14106.37,4.1
New York,JAN-MAR,14,25086.44,386331.18,92394.2,5.1
Kolkata,OCT-DEC,7,11970.08,92169.62,20145.09,6.8
Pune,OCT-DEC,24,39565.37,1044525.77,57471.35,6.0
New York,OCT-DEC,23,22591.72,571570.52,106962.28,1.7
Shimla,JAN-MAR,12,15344.42,202546.34,17898.69,2.3
Kolkata,APR-JUN,24,37273.32,984015.65,91598.82,1.3
Delhi,JUL-SEP,27,24754.29,735202.41,61462.04,3.8
Rome,JUL-SEP,19,35599.66,744032.89,123381.35,4.2
Goa,JUL-SEP,20,41339.86,909476.92,12268.95,5.9
Mumbai,OCT-DEC,19,12139.68,253719.31,51621.32,9.7
Bangalore,JUL-SEP,30,29249.73,965241.09,71614.01,2.5
Goa,OCT-DEC,25,25694.26,706592.15,28803.02,6.0
Bangalore,OCT-DEC,6,28640.34,189026.24,113001.77,3.3
Shimla,JUL-SEP,27,29154.95,865902.02,113556.73,5.0
Bangalore,APR-JUN,14,16474.44,253706.38,58739.65,2.7
Sydney,JUL-SEP,30,14704.57,485250.81,72955.6,5.6
Shimla,JUL-SEP,13,32888.3,470302.69,98328.27,3.8
Kerala,OCT-DEC,11,41427.89,501277.47,51218.29,5.7
Sydney,APR-JUN,22,19718.0,477175.6,113647.2,3.8
Mumbai,APR-JUN,3,23491.09,77520.6,123886.51,8.8
New York,JUL-SEP,13,40330.38,576724.43,27745.57,9.2
Kolkata,JUL-SEP,24,24128.62,636995.57,64572.44,4.7
Delhi,APR-JUN,22,37533.05,908299.81,119669.85,4.8
Jaipur,JUL-SEP,16,10442.27,183783.95,53901.13,6.4
Dubai,JUL-SEP,3,28836.97,95162.0,28829.75,2.1
Bangkok,JUL-SEP,28,38392.98,1182503.78,47068.06,6.6
Hyderabad,JAN-MAR,8,13702.27,120579.98,62944.42,7.7
London,OCT-DEC,8,25269.26,222369.49,105501.4,4.4
Kerala,JUL-SEP,30,19244.89,635081.37,113175.54,7.8
Hyderabad,JUL-SEP,10,7048.02,77528.22,34937.85,1.0
Paris,APR-JUN,19,9566.94,199949.05,53886.96,4.0
Mumbai,OCT-DEC,28,5938.37,182901.8,51548.55,9.2
Goa,OCT-DEC,12,15026.84,198354.29,14129.05,8.2
Bangalore,OCT-DEC,13,11420.71,163316.15,119075.51,6.3
Bangkok,JAN-MAR,23,13216.08,334366.82,12897.78,7.9
Manali,APR-JUN,5,35270.8,193989.4,36298.97,4.6
London,JUL-SEP,23,4833.13,122278.19,34999.83,1.8
Goa,APR-JUN,12,28922.32,381774.62,11540.57,2.8
Rome,APR-JUN,26,29845.64,853585.3,65136.36,9.5
Bangalore,APR-JUN,5,8481.94,46650.67,117155.38,6.6
Istanbul,JUL-SEP,24,19461.52,513784.13,57190.9,6.4
Hyderabad,JAN-MAR,8,5232.66,46047.41,62630.96,9.8
Kolkata,OCT-DEC,23,39200.91,991783.02,12168.02,1.8
Istanbul,JAN-MAR,24,24637.96,650442.14,99775.23,4.7
Goa,JUL-SEP,13,21753.87,311080.34,114501.15,2.8
New York,OCT-DEC,8,5059.92,44527.3,34321.01,3.6
Pune,APR-JUN,26,28378.32,811619.95,84432.61,6.6
Delhi,JUL-SEP,23,6015.61,152194.93,35903.16,2.6
Chennai,JUL-SEP,29,34689.82,1106605.26,71021.98,2.2
Pune,JUL-SEP,23,4861.02,122983.81,104550.66,8.8
Sydney,OCT-DEC,21,17245.01,398359.73,21688.12,8.8
Dubai,OCT-DEC,19,31110.01,650199.21,33594.91,6.5
Chennai,JUL-SEP,10,32832.72,361159.92,99295.0,6.3
Chennai,JUL-SEP,10,23253.85,255792.35,35551.56,6.1
Singapore,JUL-SEP,25,38937.61,1070784.28,52239.54,7.1
Bangkok,OCT-DEC,4,9461.38,41630.07,56007.63,7.1
Kerala,JUL-SEP,11,13507.34,163438.81,25613.33,4.5
Istanbul,APR-JUN,4,32225.53,141792.33,44893.05,5.7
Kerala,JUL-SEP,18,18772.89,371703.22,61970.41,6.7
Bangkok,JAN-MAR,15,36394.21,600504.47,114820.48,2.7
Sydney,OCT-DEC,16,26270.42,462359.39,34742.6,6.8
Mumbai,OCT-DEC,9,5967.61,59079.34,26825.75,6.3
Bangkok,OCT-DEC,15,13497.61,222710.57,67432.63,7.2
Manali,JAN-MAR,6,23718.72,156543.55,22928.82,1.3
Sydney,JUL-SEP,12,11113.44,146697.41,70941.74,5.2
Rome,APR-JUN,22,12970.99,313897.96,101029.14,8.7
Bangkok,JAN-MAR,29,18234.59,581683.42,48053.76,7.5
Paris,APR-JUN,17,6566.45,122792.62,58792.56,4.1
Bangalore,OCT-DEC,12,8797.97,116133.2,34579.52,5.7
Manali,OCT-DEC,24,13805.56,364466.78,56510.26,9.8
New York,APR-JUN,6,39723.36,262174.18,83469.02,6.8
Agra,OCT-DEC,11,18196.65,220179.47,93358.63,5.4
Agra,JUL-SEP,8,35946.46,316328.85,30680.67,8.4
Delhi,OCT-DEC,13,14870.21,212644.0,61558.89,8.1
Singapore,OCT-DEC,26,34984.39,1000553.55,10747.81,2.8
Bangalore,OCT-DEC,9,11514.29,113991.47,106546.06,7.1
Sydney,JUL-SEP,20,12518.39,275404.58,76714.14,1.8
Tokyo,OCT-DEC,6,18945.96,125043.34,100590.46,9.4
Shimla,JAN-MAR,9,9457.13,93625.59,58085.5,6.0
Manali,JAN-MAR,26,12861.69,367844.33,89221.57,6.2
Manali,JAN-MAR,30,18707.82,617358.06,55310.03,6.5
Pune,APR-JUN,9,37296.15,369231.89,34574.75,3.9
Istanbul,OCT-DEC,3,32140.63,106064.08,16955.88,4.6
Kolkata,OCT-DEC,4,15604.34,68659.1,95173.63,5.7
Kolkata,JUL-SEP,22,9916.47,239978.57,100365.08,5.0
New York,APR-JUN,27,30238.21,898074.84,31996.23,7.1
Rome,APR-JUN,26,8335.32,238390.15,32519.98,9.2
Manali,JAN-MAR,23,33173.6,839292.08,48327.95,7.9
Agra,APR-JUN,12,13176.74,173932.97,44792.92,4.1
Bangalore,JAN-MAR,21,32387.42,748149.4,89667.31,7.4
Singapore,OCT-DEC,29,5008.16,159760.3,90811.17,1.2
Kolkata,JUL-SEP,9,6202.48,61404.55,12010.56,8.9
Rome,JUL-SEP,11,6184.11,74827.73,56646.9,7.5
Jaipur,OCT-DEC,29,32015.9,1021307.21,107451.87,6.2
Paris,JAN-MAR,19,20906.52,436946.27,57902.54,8.5
Goa,JAN-MAR,24,27405.8,723513.12,54428.71,9.1
Bangkok,JUL-SEP,8,12032.01,105881.69,118015.73,3.0
Shimla,OCT-DEC,16,29536.58,519843.81,81118.81,8.1
Manali,APR-JUN,21,39853.3,920611.23,49203.14,1.4
New York,JAN-MAR,30,7632.87,251884.71,84166.08,2.7
Bangalore,APR-JUN,25,14020.8,385572.0,86235.4,8.4
Istanbul,JUL-SEP,26,27747.59,793581.07,88898.61,5.4
Tokyo,JAN-MAR,8,36058.84,317317.79,114366.22,9.5
Kerala,JAN-MAR,10,24446.93,268916.23,94254.2,8.7
Tokyo,APR-JUN,3,9801.02,32343.37,118833.39,5.9
Bangalore,JUL-SEP,16,22627.16,398238.02,10016.28,4.2
Dubai,APR-JUN,9,23606.36,233702.96,94851.5,7.5
Manali,JAN-MAR,19,8291.3,173288.17,44330.38,7.2
Delhi,JUL-SEP,17,36827.0,688664.9,19025.03,3.2
Shimla,JUL-SEP,26,38212.06,1092864.92,17824.57,1.8
Agra,JUL-SEP,15,9047.45,149282.93,31214.09,4.8
Shimla,JAN-MAR,17,38040.33,711354.17,83086.83,4.3
Sydney,OCT-DEC,12,38102.66,502955.11,9082.41,6.3
Paris,OCT-DEC,6,31430.44,207440.9,40525.01,8.4
Rome,APR-JUN,10,40482.31,445305.41,53998.98,8.3
New York,JAN-MAR,28,7469.32,230055.06,87043.34,6.9
Jaipur,APR-JUN,18,14399.06,285101.39,60122.74,5.0
Kerala,JAN-MAR,12,5234.18,69091.18,11705.85,1.4
Kolkata,APR-JUN,22,23991.17,580586.31,16621.99,3.8
Dubai,OCT-DEC,20,23728.25,522021.5,41105.59,4.5
Hyderabad,APR-JUN,14,9489.08,146131.83,54577.11,7.9
Delhi,OCT-DEC,16,37010.26,651380.58,112234.84,1.0
Bangalore,OCT-DEC,7,25027.78,192713.91,31105.57,6.6
Mumbai,JUL-SEP,19,28253.85,590505.47,24866.53,8.3
Bangalore,OCT-DEC,10,36387.11,400258.21,93325.09,2.9
Istanbul,JUL-SEP,18,22539.78,446287.64,56167.24,4.3
Kolkata,JAN-MAR,13,29729.89,425137.43,13996.72,7.3
Manali,JAN-MAR,14,26717.15,411444.11,70358.02,1.5
Hyderabad,JAN-MAR,3,32281.92,106530.34,123563.18,7.5
Manali,JAN-MAR,18,7398.61,146492.48,63286.85,1.2
Kolkata,APR-JUN,11,40227.79,486756.26,49714.11,5.2
Kerala,JAN-MAR,11,26224.58,317317.42,44816.71,5.7
Bangalore,OCT-DEC,18,12395.6,245432.88,73757.08,1.6
Bangalore,OCT-DEC,16,22977.36,404401.54,22105.82,2.5
Mumbai,OCT-DEC,6,30598.91,201952.81,78769.16,7.3
Pune,OCT-DEC,3,5298.6,17485.38,102827.66,7.6
Shimla,OCT-DEC,8,40795.1,358996.88,102853.95,3.2
Istanbul,JUL-SEP,17,19121.32,357568.68,100131.31,2.5
Tokyo,JAN-MAR,14,29501.44,454322.18,60471.22,3.8
Rome,APR-JUN,22,9029.6,218516.32,89469.93,7.6
Tokyo,OCT-DEC,25,11679.79,321194.23,37642.26,2.4
Paris,OCT-DEC,30,20824.99,687224.67,46849.67,9.2
Dubai,JUL-SEP,19,18392.99,384413.49,104695.62,1.7
London,JAN-MAR,29,16463.12,525173.53,68459.66,4.4
Tokyo,JUL-SEP,12,29827.92,393728.54,20839.56,5.2
Sydney,OCT-DEC,18,7797.65,154393.47,84184.07,7.1
New York,APR-JUN,25,22424.89,616684.48,115000.26,4.3
Goa,APR-JUN,9,35304.03,349509.9,52331.47,9.1
Kolkata,OCT-DEC,9,17157.01,169854.4,13254.85,8.8
London,JUL-SEP,9,21198.18,209861.98,110293.59,2.2
Agra,JUL-SEP,18,23864.9,472525.02,70818.48,8.4
Paris,JAN-MAR,7,21653.14,166729.18,117192.0,4.4
New York,JAN-MAR,4,24259.63,106742.37,101129.45,2.4
Hyderabad,OCT-DEC,30,11335.56,374073.48,124093.42,7.0
Singapore,OCT-DEC,16,34652.7,609887.52,119310.5,4.5
Mumbai,JUL-SEP,6,34212.83,225804.68,86195.09,1.1
Kolkata,JAN-MAR,19,17474.24,365211.62,24524.11,9.8
Istanbul,OCT-DEC,27,35574.02,1056548.39,19009.7,1.9
Paris,OCT-DEC,17,33090.62,618794.59,8303.48,1.3
Tokyo,OCT-DEC,19,34570.05,722514.05,59058.7,3.6
Paris,JAN-MAR,25,24170.37,664685.18,103576.94,2.1
Pune,JUL-SEP,8,17678.2,155568.16,116207.58,2.9
Dubai,APR-JUN,12,14173.82,187094.42,110286.44,7.0
New York,JUL-SEP,15,31630.76,521907.54,93345.91,2.5
Tokyo,APR-JUN,17,15415.51,288270.04,68466.32,4.2
Sydney,JUL-SEP,29,9226.91,294338.43,118697.09,8.0
Dubai,JAN-MAR,8,40090.57,352797.02,17389.9,8.5
Chennai,JAN-MAR,13,29654.86,424064.5,22876.97,8.7
Kolkata,JAN-MAR,19,11334.13,236883.32,18345.29,4.1
Istanbul,OCT-DEC,13,31220.9,446458.87,78497.15,4.6
Agra,JUL-SEP,25,23499.67,646240.93,42040.48,4.1
Sydney,JAN-MAR,11,27863.29,337145.81,36035.95,1.2
Paris,JAN-MAR,16,13216.98,232618.85,94622.54,3.7
Kerala,APR-JUN,21,15921.12,367777.87,104346.17,3.0
Delhi,JAN-MAR,6,5483.4,36190.44,69278.04,2.8
Shimla,JAN-MAR,11,37930.23,458955.78,115170.46,4.4
Sydney,OCT-DEC,19,11427.0,238824.3,27548.16,7.3
Hyderabad,APR-JUN,25,5514.29,151642.98,27483.87,7.0
Agra,JUL-SEP,9,35934.2,355748.58,26956.25,9.5
Bangalore,JUL-SEP,27,22001.74,653451.68,73002.3,1.4
Sydney,JUL-SEP,7,6629.89,51050.15,9473.97,5.5
Mumbai,JAN-MAR,13,34852.75,498394.33,61205.13,5.3
Istanbul,JAN-MAR,15,31290.82,516298.53,111499.52,6.3
Agra,JAN-MAR,20,8207.01,180554.22,122945.45,1.9
Chennai,JUL-SEP,6,33717.61,222536.23,71128.33,4.9
Delhi,OCT-DEC,8,6523.01,57402.49,64152.69,3.5
Shimla,JAN-MAR,29,28188.85,899224.31,64705.75,6.1
Bangkok,JUL-SEP,14,32240.18,496498.77,83531.33,5.4
Bangkok,JUL-SEP,14,32541.85,501144.49,107691.21,1.2
Pune,OCT-DEC,6,27739.12,183078.19,25481.65,2.2
Hyderabad,JAN-MAR,19,31415.89,656592.1,75328.33,1.9
Bangkok,JUL-SEP,3,32736.67,108031.01,33162.65,6.0
Chennai,JAN-MAR,29,36656.16,1169331.5,122063.9,4.5
Hyderabad,JUL-SEP,16,38510.95,677792.72,45280.05,4.1
Manali,JAN-MAR,17,30382.91,568160.42,16394.89,5.0
Pune,JUL-SEP,23,16952.62,428901.29,44735.67,7.2
Mumbai,JAN-MAR,30,34247.4,1130164.2,116891.81,3.6
Bangalore,OCT-DEC,3,5948.35,19629.56,93817.27,7.4
Kerala,JAN-MAR,4,5240.81,23059.56,90151.8,4.1
Delhi,OCT-DEC,21,16550.5,382316.55,31812.97,1.9
Tokyo,JUL-SEP,19,5452.53,113957.88,10811.24,3.9
Kolkata,JAN-MAR,4,29122.88,128140.67,95178.93,9.2
New York,APR-JUN,30,32198.08,1062536.64,14819.35,3.9
Agra,JUL-SEP,10,19862.19,218484.09,106984.06,9.1
Jaipur,JUL-SEP,29,15367.44,490221.34,110661.99,2.4
Kerala,JUL-SEP,20,28070.61,617553.42,68242.49,1.2
Rome,JAN-MAR,8,29860.81,262775.13,39757.94,3.2
Chennai,OCT-DEC,25,38334.36,1054194.9,10723.11,1.1
Kerala,JUL-SEP,18,37152.01,735609.8,26652.66,8.0
Kerala,JUL-SEP,20,8723.49,191916.78,66300.75,4.6
Sydney,JAN-MAR,23,24398.12,617272.44,11765.65,7.8
Hyderabad,APR-JUN,25,8335.27,229219.93,34819.33,3.0
Bangkok,APR-JUN,20,40160.91,883540.02,121292.71,8.8
Jaipur,APR-JUN,14,12469.65,192032.61,97596.58,8.7
Hyderabad,OCT-DEC,20,30505.85,671128.7,96627.37,5.1
Paris,APR-JUN,17,28195.97,527264.64,40305.01,8.3
Manali,JAN-MAR,14,19711.81,303561.87,66166.83,2.8
Dubai,APR-JUN,4,39709.72,174722.77,101644.3,8.6
Bangalore,APR-JUN,12,11581.37,152874.08,117451.18,1.8
Goa,OCT-DEC,8,37987.81,334292.73,115479.21,7.1
Istanbul,APR-JUN,13,8796.13,125784.66,68310.41,5.0
Shimla,JAN-MAR,10,8723.36,95956.96,113898.75,8.7
Istanbul,JUL-SEP,4,7362.8,32396.32,30179.44,8.1
Hyderabad,OCT-DEC,25,34270.31,942433.53,50894.39,2.3
Bangalore,OCT-DEC,10,24336.89,267705.79,45635.46,7.4
Singapore,JAN-MAR,12,13359.88,176350.42,22032.6,7.2
New York,OCT-DEC,26,22915.22,655375.29,38507.0,3.6
Tokyo,OCT-DEC,16,11887.8,209225.28,66742.43,9.9
Tokyo,APR-JUN,29,18355.65,585545.24,16728.02,1.8
Bangkok,JUL-SEP,9,16345.6,161821.44,43316.38,5.0
Bangkok,JAN-MAR,24,15123.48,399259.87,49969.87,5.8
Agra,APR-JUN,3,15848.24,52299.19,36671.76,1.1
New York,JUL-SEP,14,24371.31,375318.17,27327.69,3.2
Mumbai,JAN-MAR,19,37711.6,788172.44,58189.41,3.8
Bangalore,JAN-MAR,7,36343.22,279842.79,35168.14,7.0
New York,APR-JUN,3,33676.65,111132.95,96967.67,1.5
Shimla,APR-JUN,25,24482.5,673268.75,105338.9,3.6
Istanbul,JUL-SEP,17,8478.36,158545.33,35805.02,6.8
Jaipur,OCT-DEC,5,37024.74,203636.07,72489.99,9.3
Bangalore,OCT-DEC,9,8801.77,87137.52,55460.6,5.0
Rome,JAN-MAR,24,9623.7,254065.68,63500.4,7.3
Bangalore,OCT-DEC,19,26809.63,560321.27,42695.83,9.5
Rome,APR-JUN,15,30839.46,508851.09,53448.75,1.3
Chennai,APR-JUN,30,21912.4,723109.2,16883.08,8.5
Chennai,APR-JUN,4,13540.07,59576.31,45843.01,9.7
Bangkok,OCT-DEC,22,14239.78,344602.68,26557.72,7.9
Jaipur,APR-JUN,4,5718.78,25162.63,13068.06,4.7
Jaipur,JUL-SEP,26,30370.15,868586.29,59347.61,5.6
Rome,OCT-DEC,18,12302.72,243593.86,47209.65,1.5
Delhi,APR-JUN,16,17101.36,300983.94,17542.46,1.7
Shimla,JUL-SEP,16,21294.96,374791.3,110319.18,8.4
Tokyo,JUL-SEP,19,18788.76,392685.08,64328.71,8.1
Bangalore,JUL-SEP,20,31366.72,690067.84,105422.19,5.7
London,APR-JUN,30,10505.49,346681.17,48951.08,4.9
Bangalore,APR-JUN,12,24980.76,329746.03,42449.81,5.5
Hyderabad,JUL-SEP,9,10314.4,102112.56,49592.12,2.9
Chennai,APR-JUN,4,30319.46,133405.62,111194.06,3.8
Bangkok,OCT-DEC,4,13805.48,60744.11,101549.06,1.5
Kolkata,JUL-SEP,12,5881.2,77631.84,82349.88,2.9
Bangalore,OCT-DEC,24,27015.32,713204.45,106492.23,7.0
Manali,APR-JUN,9,12920.0,127908.0,29285.84,8.1
Dubai,JUL-SEP,12,35426.8,467633.76,11186.26,4.9
Dubai,JUL-SEP,17,24260.91,453679.02,94573.66,4.4
Agra,APR-JUN,22,37660.14,911375.39,44588.87,1.7
Tokyo,JUL-SEP,10,20685.46,227540.06,9111.04,6.7
Kolkata,APR-JUN,11,15689.5,189842.95,32673.69,8.5
Pune,APR-JUN,15,38846.78,640971.87,45981.28,1.5
Tokyo,JAN-MAR,24,21424.3,565601.52,115449.87,2.4
Delhi,JAN-MAR,23,23705.16,599740.55,88726.2,6.3
Singapore,JUL-SEP,15,19773.31,326259.62,83472.25,3.9
Tokyo,APR-JUN,21,23881.91,551672.12,80166.81,4.2
New York,OCT-DEC,24,35696.01,942374.66,29126.86,1.4
Agra,OCT-DEC,27,13732.64,407859.41,103732.13,6.4
Tokyo,JAN-MAR,29,28821.0,919389.9,123555.43,9.2
Tokyo,JAN-MAR,9,6672.4,66056.76,98005.24,1.7
New York,JAN-MAR,27,19700.48,585104.26,78850.12,6.7
Kerala,JUL-SEP,20,40761.22,896746.84,26263.79,6.0
Paris,APR-JUN,28,37913.83,1167745.96,65587.1,6.4
Bangkok,APR-JUN,11,4567.7,55269.17,13873.78,4.1
Jaipur,JUL-SEP,7,39075.71,300882.97,98996.23,2.0
Agra,JUL-SEP,9,35794.58,354366.34,11150.79,7.9
Manali,JUL-SEP,17,35964.29,672532.22,112735.28,3.3
London,JAN-MAR,5,13170.56,72438.08,117442.9,1.6
London,APR-JUN,30,35766.87,1180306.71,120999.63,2.6
Dubai,APR-JUN,11,17330.64,209700.74,51611.14,5.2
Tokyo,APR-JUN,6,34215.96,225825.34,17504.71,8.2
Shimla,JUL-SEP,19,13746.83,287308.75,36081.71,8.2
Pune,OCT-DEC,23,27603.39,698365.77,116915.91,8.8
Rome,JUL-SEP,26,38313.3,1095760.38,41970.15,2.1
Agra,APR-JUN,28,29541.1,909865.88,120437.66,2.7
Delhi,JAN-MAR,20,26075.75,573666.5,110852.62,8.8
Singapore,APR-JUN,21,18839.21,435185.75,70767.04,9.2
Kerala,JAN-MAR,30,18627.95,614722.35,29784.14,7.9
Goa,APR-JUN,23,11671.11,295279.08,95847.98,7.9
Goa,OCT-DEC,28,33877.03,1043412.52,93033.04,5.9
Agra,OCT-DEC,24,26097.58,688976.11,100422.47,3.8
Pune,APR-JUN,22,27348.86,661842.41,38457.37,3.6
Tokyo,JUL-SEP,14,13321.15,205145.71,64198.72,3.7
Manali,APR-JUN,23,38492.6,973862.78,95075.89,9.5
Mumbai,JUL-SEP,30,37287.59,1230490.47,31273.45,8.0
Mumbai,APR-JUN,30,38484.32,1269982.56,71674.98,2.2
Mumbai,APR-JUN,14,30268.94,466141.68,41093.02,3.3
Goa,APR-JUN,17,32310.59,604208.03,47239.91,5.7
New York,OCT-DEC,5,5328.14,29304.77,21833.09,8.9
Mumbai,JAN-MAR,21,11984.4,276839.64,60798.12,4.2
Mumbai,JAN-MAR,11,20364.72,246413.11,116897.76,3.9
Mumbai,OCT-DEC,19,25867.08,540621.97,21275.18,4.9
Mumbai,JAN-MAR,30,31838.95,1050685.35,86664.71,3.1
London,JUL-SEP,29,24172.35,771097.96,34384.22,3.9
London,OCT-DEC,22,37975.33,919002.99,75086.37,1.8
Jaipur,APR-JUN,23,33598.9,850052.17,62897.15,8.9
Kolkata,JUL-SEP,28,7925.66,244110.33,26437.05,3.8
Mumbai,JUL-SEP,23,13987.65,353887.55,58942.41,2.1
London,JUL-SEP,24,27578.89,728082.7,97408.92,8.4
Shimla,APR-JUN,21,34541.49,797908.42,24084.28,5.7
Goa,JUL-SEP,6,19753.99,130376.33,87927.63,6.9
Delhi,JUL-SEP,7,8084.88,62253.58,105720.11,2.6
Tokyo,JAN-MAR,28,40908.17,1259971.64,51516.47,6.0
Singapore,JAN-MAR,27,16695.87,495867.34,64431.74,6.6
Delhi,OCT-DEC,20,22027.79,484611.38,121226.03,2.7
Goa,APR-JUN,21,29555.71,682736.9,71863.6,3.4
Paris,JUL-SEP,22,5339.6,129218.32,27989.21,4.0
